{
  "mse": 0.2226691042047532,
  "precision": 0.715382974183913,
  "recall": 0.5910453023091838,
  "f1": 0.6472972972972973
}